"","tags"
"1","live"
"2","comedy"
"3","funny"
"4","late night"
"5","music"
"6","comedian"
"7","rap"
"8","[none]"
"9","vlog"
"10","funny"
"11","live"
"12","official"
"13","vlog"
"14","vlog"
"15","official"
"16","rap"
"17","hip hop"
"18","comedy"
"19","music"
"20","pop"
"21","comedy"
"22","comedian"
"23","television"
"24","trailer"
"25","late night"
"26","comedy"
"27","comedian"
"28","celebrities"
"29","jokes"
"30","funny"
"31","funny video"
"32","humor"
"33","celebrity"
"34","hollywood"
"35","famous"
"36","music"
"37","official"
"38","celebrity"
"39","famous"
"40","vlog"
"41","comedy"
"42","official"
"43","pop"
"44","funny"
"45","hip hop"
"46","hip hop"
"47","rap"
"48","music"
"49","celebrity"
"50","comedy"
"51","pop"
"52","pop"
"53","trailer"
"54","funny"
"55","[none]"
"56","trailer"
"57","official"
"58","funny"
"59","funny"
"60","2018"
"61","funny"
"62","comedy"
"63","pop"
"64","[none]"
"65","funny"
"66","vlog"
"67","celebrities"
"68","late night"
"69","talk show"
"70","comedian"
"71","jokes"
"72","funny"
"73","funny video"
"74","humor"
"75","celebrity"
"76","hollywood"
"77","famous"
"78","comedy"
"79","comedy"
"80","video"
"81","interview"
"82","pop"
"83","vlog"
"84","vlog"
"85","comedy"
"86","funny"
"87","music"
"88","interview"
"89","celebrity"
"90","vlog"
"91","rap"
"92","music"
"93","vlog"
"94","vlog"
"95","late night"
"96","television"
"97","funny"
"98","talk show"
"99","comedy"
"100","humor"
"101","music"
"102","hip hop"
"103","late night"
"104","talk show"
"105","funny"
"106","comedy"
"107","clip"
"108","comedian"
"109","comedy"
"110","funny"
"111","comedy"
"112","interview"
"113","funny"
"114","[none]"
"115","television"
"116","funny"
"117","talk show"
"118","humor"
"119","jokes"
"120","funny video"
"121","interview"
"122","celebrities"
"123","video"
"124","clip"
"125","music"
"126","video"
"127","hip hop"
"128","rap"
"129","[none]"
"130","[none]"
"131","comedy"
"132","hip hop"
"133","pop"
"134","[none]"
"135","pop"
"136","music"
"137","pop"
"138","pop"
"139","interview"
"140","vlog"
"141","comedy"
"142","funny"
"143","pop"
"144","music"
"145","funny"
"146","humor"
"147","rap"
"148","hip hop"
"149","funny"
"150","comedy"
"151","vlog"
"152","trailer"
"153","funny"
"154","comedy"
"155","late night"
"156","talk show"
"157","funny"
"158","comedy"
"159","clip"
"160","comedian"
"161","vlog"
"162","television"
"163","funny"
"164","talk show"
"165","humor"
"166","jokes"
"167","funny video"
"168","interview"
"169","celebrities"
"170","video"
"171","clip"
"172","[none]"
"173","vlog"
"174","vlog"
"175","funny"
"176","vlog"
"177","comedy"
"178","live"
"179","comedy"
"180","funny"
"181","late night"
"182","music"
"183","comedian"
"184","interview"
"185","music"
"186","video"
"187","hip hop"
"188","rap"
"189","comedy"
"190","[none]"
"191","[none]"
"192","[none]"
"193","late night"
"194","comedy"
"195","comedian"
"196","celebrities"
"197","jokes"
"198","funny"
"199","funny video"
"200","humor"
"201","celebrity"
"202","hollywood"
"203","famous"
"204","late night"
"205","television"
"206","funny"
"207","talk show"
"208","comedy"
"209","humor"
"210","clip"
"211","trailer"
"212","television"
"213","comedy"
"214","vlog"
"215","trailer"
"216","comedy"
"217","late night"
"218","comedy"
"219","comedian"
"220","celebrities"
"221","jokes"
"222","funny"
"223","funny video"
"224","humor"
"225","celebrity"
"226","hollywood"
"227","famous"
"228","vlog"
"229","funny"
"230","trailer"
"231","2018"
"232","celebrity"
"233","celebrities"
"234","late night"
"235","talk show"
"236","comedian"
"237","jokes"
"238","funny"
"239","funny video"
"240","humor"
"241","celebrity"
"242","hollywood"
"243","famous"
"244","comedy"
"245","vlog"
"246","comedy"
"247","humor"
"248","funny"
"249","comedy"
"250","funny"
"251","hip hop"
"252","official"
"253","video"
"254","music"
"255","comedy"
"256","music"
"257","pop"
"258","celebrity"
"259","famous"
"260","pop"
"261","music"
"262","hip hop"
"263","interview"
"264","trailer"
"265","celebrities"
"266","late night"
"267","talk show"
"268","comedian"
"269","jokes"
"270","funny"
"271","funny video"
"272","humor"
"273","celebrity"
"274","hollywood"
"275","famous"
"276","comedy"
"277","interview"
"278","music"
"279","celebrity"
"280","live"
"281","trailer"
"282","trailer"
"283","official"
"284","clip"
"285","late night"
"286","talk show"
"287","funny"
"288","comedy"
"289","clip"
"290","comedian"
"291","music"
"292","interview"
"293","video"
"294","live"
"295","rap"
"296","pop"
"297","live"
"298","comedy"
"299","funny"
"300","late night"
"301","music"
"302","celebrity"
"303","famous"
"304","pop"
"305","video"
"306","music"
"307","[none]"
"308","live"
"309","comedy"
"310","funny"
"311","late night"
"312","music"
"313","rap"
"314","trailer"
"315","funny"
"316","trailer"
"317","official"
"318","live"
"319","[none]"
"320","vlog"
"321","funny"
"322","music"
"323","celebrity"
"324","hollywood"
"325","live"
"326","music"
"327","funny"
"328","funny"
"329","vlog"
"330","pop"
"331","trailer"
"332","video"
"333","interview"
"334","celebrities"
"335","late night"
"336","talk show"
"337","comedian"
"338","jokes"
"339","funny"
"340","funny video"
"341","humor"
"342","celebrity"
"343","hollywood"
"344","famous"
"345","comedy"
"346","music"
"347","music"
"348","video"
"349","comedy"
"350","humor"
"351","funny"
"352","video"
"353","comedy"
"354","funny"
"355","funny"
"356","television"
"357","funny"
"358","talk show"
"359","humor"
"360","jokes"
"361","funny video"
"362","interview"
"363","celebrities"
"364","video"
"365","clip"
"366","pop"
"367","music"
"368","interview"
"369","[none]"
"370","music"
"371","funny"
"372","comedy"
"373","vlog"
"374","comedy"
"375","funny"
"376","funny video"
"377","comedy"
"378","humor"
"379","funny"
"380","interview"
"381","[none]"
"382","rap"
"383","pop"
"384","interview"
"385","[none]"
"386","comedy"
"387","funny"
"388","funny video"
"389","humor"
"390","jokes"
"391","official"
"392","music"
"393","[none]"
"394","live"
"395","music"
"396","pop"
"397","video"
"398","music"
"399","music"
"400","clip"
"401","funny"
"402","video"
"403","interview"
"404","[none]"
"405","[none]"
"406","vlog"
"407","funny"
"408","live"
"409","comedy"
"410","funny"
"411","comedy"
"412","funny"
"413","humor"
"414","funny"
"415","vlog"
"416","funny"
"417","official"
"418","video"
"419","music"
"420","live"
"421","music"
"422","pop"
"423","[none]"
"424","television"
"425","comedy"
"426","comedian"
"427","interview"
"428","hollywood"
"429","interview"
"430","interview"
"431","funny"
"432","comedy"
"433","funny"
"434","interview"
"435","funny"
"436","television"
"437","funny"
"438","talk show"
"439","humor"
"440","jokes"
"441","funny video"
"442","interview"
"443","celebrities"
"444","video"
"445","clip"
"446","[none]"
"447","pop"
"448","vlog"
"449","pop"
"450","vlog"
"451","funny"
"452","pop"
"453","vlog"
"454","funny"
"455","comedy"
"456","vlog"
"457","interview"
"458","celebrity"
"459","music"
"460","pop"
"461","official"
"462","live"
"463","funny"
"464","comedy"
"465","clip"
"466","comedian"
"467","music"
"468","music"
"469","official"
"470","hip hop"
"471","pop"
"472","humor"
"473","trailer"
"474","[none]"
"475","late night"
"476","comedy"
"477","comedian"
"478","celebrities"
"479","jokes"
"480","funny"
"481","funny video"
"482","humor"
"483","celebrity"
"484","hollywood"
"485","famous"
"486","television"
"487","funny"
"488","talk show"
"489","humor"
"490","jokes"
"491","funny video"
"492","interview"
"493","celebrities"
"494","video"
"495","clip"
"496","music"
"497","trailer"
"498","celebrities"
"499","late night"
"500","talk show"
"501","comedian"
"502","jokes"
"503","funny"
"504","funny video"
"505","humor"
"506","celebrity"
"507","hollywood"
"508","famous"
"509","comedy"
"510","music"
"511","hip hop"
"512","rap"
"513","hip hop"
"514","late night"
"515","talk show"
"516","funny"
"517","comedy"
"518","clip"
"519","comedian"
"520","music"
"521","video"
"522","hip hop"
"523","rap"
"524","[none]"
"525","vlog"
"526","interview"
"527","video"
"528","music"
"529","trailer"
"530","pop"
"531","live"
"532","official"
"533","late night"
"534","television"
"535","funny"
"536","talk show"
"537","comedy"
"538","humor"
"539","rap"
"540","live"
"541","funny"
"542","comedy"
"543","clip"
"544","comedian"
"545","late night"
"546","comedy"
"547","comedian"
"548","celebrities"
"549","jokes"
"550","funny"
"551","funny video"
"552","humor"
"553","celebrity"
"554","hollywood"
"555","famous"
"556","vlog"
"557","live"
"558","comedy"
"559","funny"
"560","late night"
"561","music"
"562","vlog"
"563","funny"
"564","pop"
"565","official"
"566","music"
"567","pop"
"568","[none]"
"569","live"
"570","pop"
"571","music"
"572","[none]"
"573","hip hop"
"574","[none]"
"575","celebrity"
"576","celebrity"
"577","famous"
"578","pop"
"579","video"
"580","funny"
"581","[none]"
"582","interview"
"583","official"
"584","live"
"585","comedy"
"586","funny"
"587","late night"
"588","music"
"589","comedy"
"590","trailer"
"591","[none]"
"592","[none]"
"593","funny"
"594","vlog"
"595","comedy"
"596","hollywood"
"597","vlog"
"598","live"
"599","official"
"600","comedian"
"601","pop"
"602","video"
"603","music"
"604","funny"
"605","vlog"
"606","vlog"
"607","trailer"
"608","pop"
"609","hip hop"
"610","pop"
"611","interview"
"612","live"
"613","vlog"
"614","comedy"
"615","hollywood"
"616","celebrity"
"617","famous"
"618","comedian"
"619","comedy"
"620","hip hop"
"621","hollywood"
"622","funny"
"623","comedy"
"624","late night"
"625","talk show"
"626","funny"
"627","comedy"
"628","clip"
"629","comedian"
"630","music"
"631","live"
"632","official"
"633","interview"
"634","funny"
"635","[none]"
"636","celebrities"
"637","humor"
"638","video"
"639","television"
"640","funny"
"641","talk show"
"642","humor"
"643","jokes"
"644","funny video"
"645","interview"
"646","celebrities"
"647","video"
"648","clip"
"649","music"
"650","funny"
"651","funny"
"652","humor"
"653","comedy"
"654","vlog"
"655","vlog"
"656","late night"
"657","comedy"
"658","comedian"
"659","celebrities"
"660","jokes"
"661","funny"
"662","funny video"
"663","humor"
"664","celebrity"
"665","hollywood"
"666","famous"
"667","vlog"
"668","funny"
"669","music"
"670","vlog"
"671","interview"
"672","celebrity"
"673","vlog"
"674","[none]"
"675","live"
"676","interview"
"677","[none]"
"678","late night"
"679","talk show"
"680","funny"
"681","comedy"
"682","clip"
"683","comedian"
"684","hollywood"
"685","live"
"686","2018"
"687","celebrity"
"688","pop"
"689","hollywood"
"690","[none]"
"691","television"
"692","funny"
"693","talk show"
"694","humor"
"695","jokes"
"696","funny video"
"697","interview"
"698","celebrities"
"699","video"
"700","clip"
"701","comedian"
"702","hip hop"
"703","rap"
"704","music"
"705","trailer"
"706","late night"
"707","comedy"
"708","comedian"
"709","celebrities"
"710","jokes"
"711","funny"
"712","funny video"
"713","humor"
"714","celebrity"
"715","hollywood"
"716","famous"
"717","rap"
"718","[none]"
"719","trailer"
"720","celebrities"
"721","late night"
"722","talk show"
"723","comedian"
"724","jokes"
"725","funny"
"726","funny video"
"727","humor"
"728","celebrity"
"729","hollywood"
"730","famous"
"731","comedy"
"732","talk show"
"733","music"
"734","official"
"735","rap"
"736","live"
"737","funny"
"738","comedy"
"739","late night"
"740","music"
"741","interview"
"742","[none]"
"743","trailer"
"744","2018"
"745","trailer"
"746","official"
"747","interview"
"748","video"
"749","celebrity"
"750","famous"
"751","[none]"
"752","trailer"
"753","[none]"
"754","funny"
"755","rap"
"756","television"
"757","funny"
"758","talk show"
"759","humor"
"760","jokes"
"761","funny video"
"762","interview"
"763","celebrities"
"764","video"
"765","clip"
"766","music"
"767","trailer"
"768","pop"
"769","trailer"
"770","official"
"771","live"
"772","comedy"
"773","funny"
"774","late night"
"775","music"
"776","pop"
"777","vlog"
"778","comedy"
"779","hollywood"
"780","vlog"
"781","music"
"782","video"
"783","hip hop"
"784","rap"
"785","funny"
"786","vlog"
"787","hollywood"
"788","comedy"
"789","vlog"
"790","late night"
"791","talk show"
"792","funny"
"793","comedy"
"794","clip"
"795","comedian"
"796","pop"
"797","music"
"798","music"
"799","[none]"
"800","television"
"801","funny"
"802","talk show"
"803","humor"
"804","jokes"
"805","funny video"
"806","interview"
"807","celebrities"
"808","video"
"809","clip"
"810","video"
"811","late night"
"812","comedy"
"813","comedian"
"814","celebrities"
"815","jokes"
"816","funny"
"817","funny video"
"818","humor"
"819","celebrity"
"820","hollywood"
"821","famous"
"822","funny"
"823","video"
"824","clip"
"825","live"
"826","interview"
"827","2018"
"828","[none]"
"829","comedy"
"830","rap"
"831","music"
"832","trailer"
"833","2018"
"834","official"
"835","clip"
"836","hollywood"
"837","celebrity"
"838","famous"
"839","rap"
"840","hip hop"
"841","video"
"842","interview"
"843","late night"
"844","comedy"
"845","comedian"
"846","celebrities"
"847","jokes"
"848","funny"
"849","funny video"
"850","humor"
"851","celebrity"
"852","hollywood"
"853","famous"
"854","late night"
"855","television"
"856","funny"
"857","talk show"
"858","comedy"
"859","humor"
"860","late night"
"861","talk show"
"862","funny"
"863","comedy"
"864","clip"
"865","comedian"
"866","hip hop"
"867","rap"
"868","music"
"869","live"
"870","trailer"
"871","music"
"872","hip hop"
"873","music"
"874","interview"
"875","[none]"
"876","talk show"
"877","hollywood"
"878","interview"
"879","music"
"880","interview"
"881","video"
"882","interview"
"883","interview"
"884","funny"
"885","music"
"886","video"
"887","hip hop"
"888","rap"
"889","vlog"
"890","[none]"
"891","vlog"
"892","music"
"893","hip hop"
"894","rap"
"895","pop"
"896","pop"
"897","[none]"
"898","late night"
"899","television"
"900","funny"
"901","talk show"
"902","comedy"
"903","humor"
"904","late night"
"905","comedy"
"906","comedian"
"907","celebrities"
"908","jokes"
"909","funny"
"910","funny video"
"911","humor"
"912","celebrity"
"913","hollywood"
"914","famous"
"915","official"
"916","video"
"917","live"
"918","funny"
"919","comedy"
"920","clip"
"921","comedian"
"922","music"
"923","comedy"
"924","celebrities"
"925","late night"
"926","talk show"
"927","comedian"
"928","jokes"
"929","funny"
"930","funny video"
"931","humor"
"932","celebrity"
"933","hollywood"
"934","famous"
"935","comedy"
"936","vlog"
"937","[none]"
"938","[none]"
"939","video"
"940","rap"
"941","[none]"
"942","funny"
"943","vlog"
"944","celebrity"
"945","famous"
"946","hollywood"
"947","funny"
"948","comedy"
"949","live"
"950","comedy"
"951","funny"
"952","late night"
"953","music"
"954","interview"
"955","vlog"
"956","vlog"
"957","vlog"
"958","funny"
"959","trailer"
"960","comedy"
"961","rap"
"962","vlog"
"963","trailer"
"964","television"
"965","funny"
"966","talk show"
"967","humor"
"968","jokes"
"969","funny video"
"970","interview"
"971","celebrities"
"972","video"
"973","clip"
"974","music"
"975","trailer"
"976","2018"
"977","trailer"
"978","television"
"979","comedy"
"980","funny"
"981","vlog"
"982","comedy"
"983","comedy"
"984","talk show"
"985","late night"
"986","comedy"
"987","music"
"988","video"
"989","funny"
"990","comedy"
"991","official"
"992","television"
"993","funny"
"994","talk show"
"995","humor"
"996","jokes"
"997","funny video"
"998","interview"
"999","celebrities"
"1000","video"
"1001","clip"
"1002","2018"
"1003","comedy"
"1004","pop"
"1005","vlog"
"1006","vlog"
"1007","comedy"
"1008","late night"
"1009","television"
"1010","funny"
"1011","talk show"
"1012","comedy"
"1013","humor"
"1014","music"
"1015","pop"
"1016","comedy"
"1017","music"
"1018","rap"
"1019","official"
"1020","music"
"1021","celebrity"
"1022","hollywood"
"1023","interview"
"1024","celebrity"
"1025","2018"
"1026","television"
"1027","funny"
"1028","talk show"
"1029","humor"
"1030","jokes"
"1031","funny video"
"1032","interview"
"1033","celebrities"
"1034","video"
"1035","clip"
"1036","hip hop"
"1037","late night"
"1038","television"
"1039","funny"
"1040","talk show"
"1041","comedy"
"1042","humor"
"1043","comedy"
"1044","trailer"
"1045","music"
"1046","funny"
"1047","comedy"
"1048","humor"
"1049","celebrity"
"1050","famous"
"1051","trailer"
"1052","late night"
"1053","talk show"
"1054","comedy"
"1055","funny"
"1056","humor"
"1057","television"
"1058","music"
"1059","hip hop"
"1060","[none]"
"1061","humor"
"1062","funny"
"1063","[none]"
"1064","rap"
"1065","[none]"
"1066","music"
"1067","hip hop"
"1068","[none]"
"1069","[none]"
"1070","late night"
"1071","television"
"1072","funny"
"1073","talk show"
"1074","comedy"
"1075","humor"
"1076","funny"
"1077","funny"
"1078","humor"
"1079","funny"
"1080","interview"
"1081","interview"
"1082","music"
"1083","rap"
"1084","[none]"
"1085","comedy"
"1086","humor"
"1087","television"
"1088","funny"
"1089","comedy"
"1090","pop"
"1091","comedy"
"1092","[none]"
"1093","rap"
"1094","music"
"1095","rap"
"1096","music"
"1097","video"
"1098","funny"
"1099","video"
"1100","vlog"
"1101","vlog"
"1102","vlog"
"1103","2018"
"1104","[none]"
"1105","celebrity"
"1106","television"
"1107","music"
"1108","hollywood"
"1109","hip hop"
"1110","rap"
"1111","interview"
"1112","music"
"1113","video"
"1114","interview"
"1115","trailer"
"1116","television"
"1117","comedy"
"1118","live"
"1119","live"
"1120","vlog"
"1121","comedy"
"1122","hollywood"
"1123","[none]"
"1124","official"
"1125","trailer"
"1126","2018"
"1127","trailer"
"1128","pop"
"1129","comedy"
"1130","humor"
"1131","television"
"1132","funny"
"1133","music"
"1134","funny"
"1135","interview"
"1136","music"
"1137","[none]"
"1138","pop"
"1139","music"
"1140","2018"
"1141","hollywood"
"1142","celebrity"
"1143","famous"
"1144","trailer"
"1145","pop"
"1146","hip hop"
"1147","video"
"1148","interview"
"1149","interview"
"1150","funny"
"1151","interview"
"1152","music"
"1153","hip hop"
"1154","funny"
"1155","interview"
"1156","music"
"1157","hip hop"
"1158","music"
"1159","pop"
"1160","celebrities"
"1161","late night"
"1162","talk show"
"1163","comedian"
"1164","jokes"
"1165","funny"
"1166","funny video"
"1167","humor"
"1168","celebrity"
"1169","hollywood"
"1170","famous"
"1171","comedy"
"1172","celebrity"
"1173","famous"
"1174","official"
"1175","live"
"1176","funny"
"1177","comedy"
"1178","clip"
"1179","comedian"
"1180","music"
"1181","celebrity"
"1182","hip hop"
"1183","[none]"
"1184","[none]"
"1185","music"
"1186","hip hop"
"1187","rap"
"1188","[none]"
"1189","[none]"
"1190","video"
"1191","official"
"1192","television"
"1193","comedy"
"1194","celebrities"
"1195","late night"
"1196","talk show"
"1197","comedian"
"1198","jokes"
"1199","funny"
"1200","funny video"
"1201","humor"
"1202","celebrity"
"1203","hollywood"
"1204","famous"
"1205","comedy"
"1206","live"
"1207","funny"
"1208","comedy"
"1209","clip"
"1210","comedian"
"1211","celebrity"
"1212","famous"
"1213","[none]"
"1214","late night"
"1215","talk show"
"1216","comedy"
"1217","funny"
"1218","humor"
"1219","television"
"1220","music"
"1221","hip hop"
"1222","[none]"
"1223","[none]"
"1224","[none]"
"1225","[none]"
"1226","funny"
"1227","vlog"
"1228","[none]"
"1229","interview"
"1230","funny"
"1231","[none]"
"1232","celebrity"
"1233","comedy"
"1234","2018"
"1235","trailer"
"1236","comedy"
"1237","music"
"1238","2018"
"1239","interview"
"1240","funny"
"1241","official"
"1242","comedy"
"1243","celebrities"
"1244","late night"
"1245","talk show"
"1246","comedian"
"1247","jokes"
"1248","funny"
"1249","funny video"
"1250","humor"
"1251","celebrity"
"1252","hollywood"
"1253","famous"
"1254","comedy"
"1255","television"
"1256","funny"
"1257","talk show"
"1258","humor"
"1259","jokes"
"1260","funny video"
"1261","interview"
"1262","celebrities"
"1263","video"
"1264","clip"
"1265","music"
"1266","celebrity"
"1267","late night"
"1268","television"
"1269","funny"
"1270","talk show"
"1271","comedy"
"1272","humor"
"1273","rap"
"1274","rap"
"1275","funny"
"1276","comedy"
"1277","humor"
"1278","comedy"
"1279","official"
"1280","video"
"1281","trailer"
"1282","television"
"1283","comedy"
"1284","hollywood"
"1285","funny"
"1286","funny video"
"1287","pop"
"1288","celebrity"
"1289","music"
"1290","hip hop"
"1291","vlog"
"1292","funny"
"1293","late night"
"1294","talk show"
"1295","funny"
"1296","comedy"
"1297","clip"
"1298","comedian"
"1299","[none]"
"1300","[none]"
"1301","vlog"
"1302","video"
"1303","[none]"
"1304","[none]"
"1305","vlog"
"1306","funny"
"1307","2018"
"1308","2018"
"1309","vlog"
"1310","comedy"
"1311","funny"
"1312","humor"
"1313","video"
"1314","music"
"1315","2018"
"1316","trailer"
"1317","[none]"
"1318","music"
"1319","2018"
"1320","funny"
"1321","vlog"
"1322","vlog"
"1323","pop"
"1324","pop"
"1325","2018"
"1326","late night"
"1327","talk show"
"1328","funny"
"1329","comedy"
"1330","clip"
"1331","comedian"
"1332","2018"
"1333","vlog"
"1334","funny"
"1335","video"
"1336","interview"
"1337","late night"
"1338","television"
"1339","funny"
"1340","talk show"
"1341","comedy"
"1342","humor"
"1343","pop"
"1344","live"
"1345","comedy"
"1346","funny"
"1347","late night"
"1348","music"
"1349","pop"
"1350","hip hop"
"1351","rap"
"1352","2018"
"1353","trailer"
"1354","television"
"1355","official"
"1356","late night"
"1357","comedy"
"1358","comedian"
"1359","celebrities"
"1360","jokes"
"1361","funny"
"1362","funny video"
"1363","humor"
"1364","celebrity"
"1365","hollywood"
"1366","famous"
"1367","[none]"
"1368","trailer"
"1369","2018"
"1370","celebrities"
"1371","celebrity"
"1372","video"
"1373","[none]"
"1374","television"
"1375","funny"
"1376","talk show"
"1377","humor"
"1378","jokes"
"1379","funny video"
"1380","interview"
"1381","celebrities"
"1382","video"
"1383","clip"
"1384","music"
"1385","hip hop"
"1386","rap"
"1387","comedy"
"1388","trailer"
"1389","hip hop"
"1390","music"
"1391","music"
"1392","interview"
"1393","video"
"1394","official"
"1395","funny"
"1396","late night"
"1397","music"
"1398","2018"
"1399","live"
"1400","interview"
"1401","interview"
"1402","funny"
"1403","trailer"
"1404","comedy"
"1405","hip hop"
"1406","rap"
"1407","celebrities"
"1408","late night"
"1409","talk show"
"1410","comedian"
"1411","jokes"
"1412","funny"
"1413","funny video"
"1414","humor"
"1415","celebrity"
"1416","hollywood"
"1417","famous"
"1418","comedy"
"1419","live"
"1420","music"
"1421","hip hop"
"1422","comedy"
"1423","comedian"
"1424","jokes"
"1425","funny"
"1426","live"
"1427","funny"
"1428","comedy"
"1429","clip"
"1430","comedian"
"1431","[none]"
"1432","television"
"1433","funny"
"1434","talk show"
"1435","humor"
"1436","jokes"
"1437","funny video"
"1438","interview"
"1439","celebrities"
"1440","video"
"1441","clip"
"1442","music"
"1443","[none]"
"1444","[none]"
"1445","hollywood"
"1446","celebrity"
"1447","famous"
"1448","interview"
"1449","video"
"1450","music"
"1451","video"
"1452","music"
"1453","famous"
"1454","rap"
"1455","hip hop"
"1456","official"
"1457","[none]"
"1458","comedy"
"1459","funny"
"1460","hollywood"
"1461","celebrity"
"1462","famous"
"1463","official"
"1464","music"
"1465","television"
"1466","funny"
"1467","talk show"
"1468","humor"
"1469","jokes"
"1470","funny video"
"1471","interview"
"1472","celebrities"
"1473","video"
"1474","clip"
"1475","music"
"1476","2018"
"1477","funny"
"1478","video"
"1479","comedy"
"1480","2018"
"1481","live"
"1482","pop"
"1483","pop"
"1484","funny"
"1485","pop"
"1486","video"
"1487","interview"
"1488","funny"
"1489","video"
"1490","vlog"
"1491","late night"
"1492","talk show"
"1493","funny"
"1494","comedy"
"1495","clip"
"1496","comedian"
"1497","trailer"
"1498","2018"
"1499","trailer"
"1500","[none]"
"1501","trailer"
"1502","comedy"
"1503","live"
"1504","2018"
"1505","late night"
"1506","comedy"
"1507","comedian"
"1508","celebrities"
"1509","jokes"
"1510","funny"
"1511","funny video"
"1512","humor"
"1513","celebrity"
"1514","hollywood"
"1515","famous"
"1516","celebrity"
"1517","famous"
"1518","hip hop"
"1519","vlog"
"1520","television"
"1521","funny"
"1522","talk show"
"1523","humor"
"1524","jokes"
"1525","funny video"
"1526","interview"
"1527","celebrities"
"1528","video"
"1529","clip"
"1530","music"
"1531","[none]"
"1532","late night"
"1533","television"
"1534","funny"
"1535","talk show"
"1536","comedy"
"1537","humor"
"1538","[none]"
"1539","live"
"1540","funny"
"1541","comedy"
"1542","clip"
"1543","comedian"
"1544","hollywood"
"1545","trailer"
"1546","comedy"
"1547","late night"
"1548","comedy"
"1549","comedian"
"1550","celebrities"
"1551","jokes"
"1552","funny"
"1553","funny video"
"1554","humor"
"1555","celebrity"
"1556","hollywood"
"1557","famous"
"1558","comedy"
"1559","comedian"
"1560","jokes"
"1561","funny"
"1562","funny"
"1563","live"
"1564","comedy"
"1565","funny"
"1566","late night"
"1567","music"
"1568","music"
"1569","rap"
"1570","hip hop"
"1571","hip hop"
"1572","rap"
"1573","celebrity"
"1574","famous"
"1575","celebrities"
"1576","late night"
"1577","talk show"
"1578","comedian"
"1579","jokes"
"1580","funny"
"1581","funny video"
"1582","humor"
"1583","celebrity"
"1584","hollywood"
"1585","famous"
"1586","comedy"
"1587","trailer"
"1588","television"
"1589","comedy"
"1590","rap"
"1591","humor"
"1592","funny"
"1593","comedy"
"1594","trailer"
"1595","comedy"
"1596","2018"
"1597","2018"
"1598","2018"
"1599","funny"
"1600","comedy"
"1601","comedy"
"1602","funny"
"1603","trailer"
"1604","funny"
"1605","live"
"1606","comedy"
"1607","funny"
"1608","late night"
"1609","music"
"1610","live"
"1611","comedian"
"1612","live"
"1613","television"
"1614","[none]"
"1615","2018"
"1616","television"
"1617","famous"
"1618","live"
"1619","[none]"
"1620","interview"
"1621","music"
"1622","interview"
"1623","hollywood"
"1624","celebrity"
"1625","music"
"1626","comedy"
"1627","live"
"1628","comedian"
"1629","rap"
"1630","[none]"
"1631","[none]"
"1632","funny"
"1633","comedy"
"1634","funny"
"1635","[none]"
"1636","video"
"1637","interview"
"1638","2018"
"1639","comedy"
"1640","funny"
"1641","[none]"
"1642","funny"
"1643","hip hop"
"1644","rap"
"1645","2018"
"1646","live"
"1647","live"
"1648","funny"
"1649","music"
"1650","hip hop"
"1651","music"
"1652","music"
"1653","video"
"1654","official"
"1655","video"
"1656","[none]"
"1657","[none]"
"1658","live"
"1659","official"
"1660","music"
"1661","pop"
"1662","vlog"
"1663","comedy"
"1664","funny"
"1665","vlog"
"1666","2018"
"1667","pop"
"1668","trailer"
"1669","video"
"1670","[none]"
"1671","television"
"1672","funny"
"1673","talk show"
"1674","humor"
"1675","jokes"
"1676","funny video"
"1677","interview"
"1678","celebrities"
"1679","video"
"1680","clip"
"1681","[none]"
"1682","celebrity"
"1683","famous"
"1684","funny"
"1685","music"
"1686","television"
"1687","funny"
"1688","talk show"
"1689","humor"
"1690","jokes"
"1691","funny video"
"1692","interview"
"1693","celebrities"
"1694","video"
"1695","clip"
"1696","music"
"1697","hip hop"
"1698","funny"
"1699","vlog"
"1700","2018"
"1701","[none]"
"1702","funny"
"1703","funny"
"1704","vlog"
"1705","hollywood"
"1706","comedy"
"1707","celebrities"
"1708","late night"
"1709","talk show"
"1710","comedian"
"1711","jokes"
"1712","funny"
"1713","funny video"
"1714","humor"
"1715","celebrity"
"1716","hollywood"
"1717","famous"
"1718","comedy"
"1719","live"
"1720","comedy"
"1721","funny"
"1722","late night"
"1723","music"
"1724","[none]"
"1725","[none]"
"1726","trailer"
"1727","2018"
"1728","official"
"1729","trailer"
"1730","television"
"1731","[none]"
"1732","2018"
"1733","interview"
"1734","[none]"
"1735","[none]"
"1736","interview"
"1737","music"
"1738","official"
"1739","live"
"1740","comedy"
"1741","funny"
"1742","late night"
"1743","music"
"1744","[none]"
"1745","trailer"
"1746","2018"
"1747","comedy"
"1748","official"
"1749","clip"
"1750","trailer"
"1751","official"
"1752","video"
"1753","official"
"1754","music"
"1755","pop"
"1756","[none]"
"1757","hollywood"
"1758","celebrity"
"1759","famous"
"1760","funny"
"1761","funny video"
"1762","celebrity"
"1763","famous"
"1764","[none]"
"1765","trailer"
"1766","official"
"1767","late night"
"1768","comedy"
"1769","comedian"
"1770","celebrities"
"1771","jokes"
"1772","funny"
"1773","funny video"
"1774","humor"
"1775","celebrity"
"1776","hollywood"
"1777","famous"
"1778","music"
"1779","comedy"
"1780","funny"
"1781","[none]"
"1782","[none]"
"1783","interview"
"1784","live"
"1785","music"
"1786","[none]"
"1787","[none]"
"1788","[none]"
"1789","live"
"1790","late night"
"1791","comedy"
"1792","comedian"
"1793","celebrities"
"1794","jokes"
"1795","funny"
"1796","funny video"
"1797","humor"
"1798","celebrity"
"1799","hollywood"
"1800","famous"
"1801","comedy"
"1802","hollywood"
"1803","music"
"1804","comedy"
"1805","trailer"
"1806","television"
"1807","comedy"
"1808","[none]"
"1809","video"
"1810","[none]"
"1811","trailer"
"1812","2018"
"1813","vlog"
"1814","funny"
"1815","hip hop"
"1816","rap"
"1817","[none]"
"1818","trailer"
"1819","clip"
"1820","pop"
"1821","hip hop"
"1822","rap"
"1823","television"
"1824","funny"
"1825","talk show"
"1826","humor"
"1827","jokes"
"1828","funny video"
"1829","interview"
"1830","celebrities"
"1831","video"
"1832","clip"
"1833","pop"
"1834","celebrity"
"1835","[none]"
"1836","live"
"1837","comedy"
"1838","funny"
"1839","late night"
"1840","music"
"1841","celebrity"
"1842","pop"
"1843","funny"
"1844","hollywood"
"1845","celebrity"
"1846","famous"
"1847","[none]"
"1848","trailer"
"1849","trailer"
"1850","video"
"1851","late night"
"1852","talk show"
"1853","funny"
"1854","comedy"
"1855","clip"
"1856","comedian"
"1857","vlog"
"1858","2018"
"1859","funny"
"1860","celebrities"
"1861","late night"
"1862","talk show"
"1863","comedian"
"1864","jokes"
"1865","funny"
"1866","funny video"
"1867","humor"
"1868","celebrity"
"1869","hollywood"
"1870","famous"
"1871","comedy"
"1872","music"
"1873","pop"
"1874","2018"
"1875","trailer"
"1876","2018"
"1877","official"
"1878","interview"
"1879","2018"
"1880","[none]"
"1881","late night"
"1882","comedy"
"1883","comedian"
"1884","celebrities"
"1885","jokes"
"1886","funny"
"1887","funny video"
"1888","humor"
"1889","celebrity"
"1890","hollywood"
"1891","famous"
"1892","pop"
"1893","hip hop"
"1894","rap"
"1895","music"
"1896","television"
"1897","funny"
"1898","talk show"
"1899","humor"
"1900","jokes"
"1901","funny video"
"1902","interview"
"1903","celebrities"
"1904","video"
"1905","clip"
"1906","pop"
"1907","late night"
"1908","television"
"1909","funny"
"1910","talk show"
"1911","comedy"
"1912","humor"
"1913","pop"
"1914","interview"
"1915","celebrity"
"1916","trailer"
"1917","trailer"
"1918","television"
"1919","comedy"
"1920","celebrities"
"1921","late night"
"1922","talk show"
"1923","comedian"
"1924","jokes"
"1925","funny"
"1926","funny video"
"1927","humor"
"1928","celebrity"
"1929","hollywood"
"1930","famous"
"1931","comedy"
"1932","music"
"1933","pop"
"1934","music"
"1935","interview"
"1936","music"
"1937","comedy"
"1938","2018"
"1939","[none]"
"1940","live"
"1941","comedy"
"1942","funny"
"1943","late night"
"1944","music"
"1945","trailer"
"1946","trailer"
"1947","official"
"1948","[none]"
"1949","celebrity"
"1950","[none]"
"1951","funny"
"1952","2018"
"1953","interview"
"1954","trailer"
"1955","vlog"
"1956","comedy"
"1957","hollywood"
"1958","television"
"1959","funny"
"1960","talk show"
"1961","humor"
"1962","jokes"
"1963","funny video"
"1964","interview"
"1965","celebrities"
"1966","video"
"1967","clip"
"1968","pop"
"1969","trailer"
"1970","official"
"1971","pop"
"1972","[none]"
"1973","comedy"
"1974","vlog"
"1975","funny"
"1976","hip hop"
"1977","rap"
"1978","music"
"1979","interview"
"1980","trailer"
"1981","comedy"
"1982","[none]"
"1983","late night"
"1984","television"
"1985","funny"
"1986","talk show"
"1987","comedy"
"1988","humor"
"1989","2018"
"1990","music"
"1991","hollywood"
"1992","interview"
"1993","celebrity"
"1994","2018"
"1995","celebrities"
"1996","video"
"1997","[none]"
"1998","music"
"1999","live"
"2000","official"
"2001","vlog"
"2002","comedy"
"2003","hollywood"
"2004","pop"
"2005","late night"
"2006","comedy"
"2007","comedian"
"2008","celebrities"
"2009","jokes"
"2010","funny"
"2011","funny video"
"2012","humor"
"2013","celebrity"
"2014","hollywood"
"2015","famous"
"2016","comedy"
"2017","official"
"2018","video"
"2019","music"
"2020","vlog"
"2021","2018"
"2022","trailer"
"2023","trailer"
"2024","comedy"
"2025","late night"
"2026","talk show"
"2027","funny"
"2028","comedy"
"2029","clip"
"2030","comedian"
"2031","trailer"
"2032","television"
"2033","hip hop"
"2034","rap"
"2035","celebrity"
"2036","famous"
"2037","comedy"
"2038","funny"
"2039","humor"
"2040","comedy"
"2041","television"
"2042","funny"
"2043","talk show"
"2044","humor"
"2045","jokes"
"2046","funny video"
"2047","interview"
"2048","celebrities"
"2049","video"
"2050","clip"
"2051","music"
"2052","pop"
"2053","television"
"2054","funny"
"2055","talk show"
"2056","humor"
"2057","jokes"
"2058","funny video"
"2059","interview"
"2060","celebrities"
"2061","video"
"2062","clip"
"2063","video"
"2064","interview"
"2065","[none]"
"2066","funny"
"2067","pop"
"2068","celebrity"
"2069","hollywood"
"2070","rap"
"2071","funny"
"2072","2018"
"2073","rap"
"2074","hip hop"
"2075","trailer"
"2076","music"
"2077","live"
"2078","video"
"2079","interview"
"2080","video"
"2081","clip"
"2082","funny"
"2083","comedy"
"2084","music"
"2085","comedy"
"2086","vlog"
"2087","funny"
"2088","funny"
"2089","[none]"
"2090","pop"
"2091","trailer"
"2092","rap"
"2093","2018"
"2094","clip"
"2095","trailer"
"2096","music"
"2097","2018"
"2098","music"
"2099","official"
"2100","trailer"
"2101","[none]"
"2102","vlog"
"2103","funny"
"2104","live"
"2105","funny"
"2106","comedy"
"2107","clip"
"2108","comedian"
"2109","trailer"
"2110","comedy"
"2111","funny"
"2112","comedy"
"2113","music"
"2114","pop"
"2115","late night"
"2116","talk show"
"2117","funny"
"2118","comedy"
"2119","clip"
"2120","comedian"
"2121","vlog"
"2122","live"
"2123","pop"
"2124","trailer"
"2125","hip hop"
"2126","music"
"2127","rap"
"2128","hip hop"
"2129","comedy"
"2130","late night"
"2131","comedy"
"2132","comedian"
"2133","celebrities"
"2134","jokes"
"2135","funny"
"2136","funny video"
"2137","humor"
"2138","celebrity"
"2139","hollywood"
"2140","famous"
"2141","[none]"
"2142","trailer"
"2143","funny"
"2144","video"
"2145","trailer"
"2146","television"
"2147","comedy"
"2148","2018"
"2149","hip hop"
"2150","rap"
"2151","live"
"2152","funny"
"2153","comedy"
"2154","clip"
"2155","comedian"
"2156","trailer"
"2157","television"
"2158","comedy"
"2159","trailer"
"2160","comedy"
"2161","funny"
"2162","funny video"
"2163","funny"
"2164","hip hop"
"2165","celebrity"
"2166","music"
"2167","music"
"2168","live"
"2169","vlog"
"2170","[none]"
"2171","celebrities"
"2172","late night"
"2173","talk show"
"2174","comedian"
"2175","jokes"
"2176","funny"
"2177","funny video"
"2178","humor"
"2179","celebrity"
"2180","hollywood"
"2181","famous"
"2182","comedy"
"2183","interview"
"2184","celebrities"
"2185","funny"
"2186","interview"
"2187","television"
"2188","funny"
"2189","talk show"
"2190","humor"
"2191","jokes"
"2192","funny video"
"2193","interview"
"2194","celebrities"
"2195","video"
"2196","clip"
"2197","trailer"
"2198","trailer"
"2199","[none]"
"2200","live"
"2201","funny"
"2202","comedy"
"2203","clip"
"2204","comedian"
"2205","music"
"2206","video"
"2207","video"
"2208","interview"
"2209","trailer"
"2210","television"
"2211","comedy"
"2212","trailer"
"2213","video"
"2214","celebrities"
"2215","clip"
"2216","music"
"2217","video"
"2218","hip hop"
"2219","rap"
"2220","music"
"2221","pop"
"2222","live"
"2223","comedy"
"2224","trailer"
"2225","[none]"
"2226","rap"
"2227","vlog"
"2228","funny"
"2229","vlog"
"2230","music"
"2231","funny"
"2232","celebrity"
"2233","famous"
"2234","music"
"2235","2018"
"2236","trailer"
"2237","pop"
"2238","video"
"2239","interview"
"2240","comedy"
"2241","television"
"2242","music"
"2243","celebrities"
"2244","late night"
"2245","talk show"
"2246","comedian"
"2247","jokes"
"2248","funny"
"2249","funny video"
"2250","humor"
"2251","celebrity"
"2252","hollywood"
"2253","famous"
"2254","comedy"
"2255","interview"
"2256","late night"
"2257","television"
"2258","funny"
"2259","talk show"
"2260","comedy"
"2261","humor"
"2262","vlog"
"2263","late night"
"2264","celebrity"
"2265","celebrities"
"2266","talk show"
"2267","television"
"2268","television"
"2269","funny"
"2270","talk show"
"2271","humor"
"2272","jokes"
"2273","funny video"
"2274","interview"
"2275","celebrities"
"2276","video"
"2277","clip"
"2278","music"
"2279","pop"
"2280","2018"
"2281","music"
"2282","interview"
"2283","2018"
"2284","official"
"2285","video"
"2286","rap"
"2287","hip hop"
"2288","music"
"2289","celebrities"
"2290","celebrity"
"2291","interview"
"2292","celebrity"
"2293","celebrities"
"2294","late night"
"2295","talk show"
"2296","comedian"
"2297","comedy"
"2298","jokes"
"2299","funny"
"2300","funny video"
"2301","humor"
"2302","hollywood"
"2303","famous"
"2304","interview"
"2305","funny"
"2306","vlog"
"2307","vlog"
"2308","2018"
"2309","video"
"2310","late night"
"2311","comedy"
"2312","comedian"
"2313","celebrity"
"2314","celebrities"
"2315","jokes"
"2316","funny"
"2317","funny video"
"2318","humor"
"2319","hollywood"
"2320","famous"
"2321","[none]"
"2322","vlog"
"2323","rap"
"2324","hip hop"
"2325","vlog"
"2326","trailer"
"2327","celebrity"
"2328","funny"
"2329","interview"
"2330","official"
"2331","music"
"2332","video"
"2333","pop"
"2334","pop"
"2335","television"
"2336","funny"
"2337","talk show"
"2338","humor"
"2339","jokes"
"2340","funny video"
"2341","interview"
"2342","celebrities"
"2343","video"
"2344","clip"
"2345","pop"
"2346","interview"
"2347","celebrity"
"2348","famous"
"2349","music"
"2350","2018"
"2351","celebrity"
"2352","famous"
"2353","trailer"
"2354","music"
"2355","live"
"2356","comedy"
"2357","funny"
"2358","late night"
"2359","music"
"2360","rap"
"2361","interview"
"2362","[none]"
"2363","music"
"2364","video"
"2365","hip hop"
"2366","rap"
"2367","trailer"
"2368","official"
"2369","[none]"
"2370","television"
"2371","late night"
"2372","talk show"
"2373","funny"
"2374","comedy"
"2375","clip"
"2376","comedian"
"2377","pop"
"2378","hollywood"
"2379","music"
"2380","vlog"
"2381","music"
"2382","vlog"
"2383","funny"
"2384","vlog"
"2385","comedy"
"2386","comedy"
"2387","vlog"
"2388","late night"
"2389","talk show"
"2390","funny"
"2391","comedy"
"2392","clip"
"2393","comedian"
"2394","music"
"2395","television"
"2396","funny"
"2397","talk show"
"2398","humor"
"2399","jokes"
"2400","funny video"
"2401","interview"
"2402","celebrities"
"2403","video"
"2404","clip"
"2405","pop"
"2406","interview"
"2407","celebrity"
"2408","music"
"2409","trailer"
"2410","2018"
"2411","official"
"2412","comedy"
"2413","celebrity"
"2414","celebrities"
"2415","late night"
"2416","talk show"
"2417","comedian"
"2418","comedy"
"2419","jokes"
"2420","funny"
"2421","funny video"
"2422","humor"
"2423","hollywood"
"2424","famous"
"2425","interview"
"2426","trailer"
"2427","television"
"2428","comedy"
"2429","trailer"
"2430","[none]"
"2431","music"
"2432","video"
"2433","hip hop"
"2434","rap"
"2435","hip hop"
"2436","rap"
"2437","music"
"2438","live"
"2439","comedy"
"2440","funny"
"2441","late night"
"2442","music"
"2443","video"
"2444","interview"
"2445","pop"
"2446","celebrity"
"2447","famous"
"2448","live"
"2449","funny"
"2450","comedy"
"2451","clip"
"2452","comedian"
"2453","music"
"2454","pop"
"2455","live"
"2456","comedy"
"2457","funny"
"2458","late night"
"2459","music"
"2460","television"
"2461","pop"
"2462","[none]"
"2463","live"
"2464","comedy"
"2465","music"
"2466","pop"
"2467","funny"
"2468","live"
"2469","funny video"
"2470","2018"
"2471","funny"
"2472","trailer"
"2473","official"
"2474","comedy"
"2475","2018"
"2476","hollywood"
"2477","celebrity"
"2478","famous"
"2479","2018"
"2480","trailer"
"2481","rap"
"2482","rap"
"2483","pop"
"2484","hip hop"
"2485","talk show"
"2486","comedy"
"2487","funny"
"2488","2018"
"2489","late night"
"2490","comedy"
"2491","comedian"
"2492","celebrity"
"2493","celebrities"
"2494","jokes"
"2495","funny"
"2496","funny video"
"2497","humor"
"2498","hollywood"
"2499","famous"
"2500","television"
"2501","2018"
"2502","music"
"2503","live"
"2504","hollywood"
"2505","official"
"2506","hollywood"
"2507","funny"
"2508","celebrity"
"2509","comedy"
"2510","comedy"
"2511","trailer"
"2512","official"
"2513","2018"
"2514","official"
"2515","trailer"
"2516","2018"
"2517","comedy"
"2518","official"
"2519","live"
"2520","funny"
"2521","comedy"
"2522","clip"
"2523","comedian"
"2524","music"
"2525","pop"
"2526","comedy"
"2527","[none]"
"2528","late night"
"2529","television"
"2530","funny"
"2531","talk show"
"2532","comedy"
"2533","humor"
"2534","pop"
"2535","hip hop"
"2536","rap"
"2537","2018"
"2538","talk show"
"2539","official"
"2540","celebrity"
"2541","[none]"
"2542","trailer"
"2543","comedy"
"2544","2018"
"2545","video"
"2546","interview"
"2547","television"
"2548","funny"
"2549","talk show"
"2550","humor"
"2551","jokes"
"2552","funny video"
"2553","interview"
"2554","celebrities"
"2555","video"
"2556","clip"
"2557","pop"
"2558","trailer"
"2559","rap"
"2560","pop"
"2561","rap"
"2562","funny"
"2563","comedy"
"2564","live"
"2565","television"
"2566","2018"
"2567","music"
"2568","live"
"2569","hollywood"
"2570","official"
"2571","celebrity"
"2572","celebrities"
"2573","late night"
"2574","talk show"
"2575","comedian"
"2576","comedy"
"2577","jokes"
"2578","funny"
"2579","funny video"
"2580","humor"
"2581","hollywood"
"2582","famous"
"2583","[none]"
"2584","2018"
"2585","clip"
"2586","trailer"
"2587","music"
"2588","video"
"2589","video"
"2590","pop"
"2591","official"
"2592","funny"
"2593","interview"
"2594","video"
"2595","official"
"2596","television"
"2597","celebrity"
"2598","famous"
"2599","official"
"2600","2018"
"2601","live"
"2602","comedy"
"2603","funny"
"2604","late night"
"2605","music"
"2606","comedian"
"2607","[none]"
"2608","hip hop"
"2609","pop"
"2610","rap"
"2611","hip hop"
"2612","late night"
"2613","television"
"2614","funny"
"2615","talk show"
"2616","comedy"
"2617","humor"
"2618","pop"
"2619","television"
"2620","funny"
"2621","talk show"
"2622","humor"
"2623","jokes"
"2624","funny video"
"2625","interview"
"2626","celebrities"
"2627","video"
"2628","clip"
"2629","pop"
"2630","live"
"2631","comedy"
"2632","funny"
"2633","late night"
"2634","music"
"2635","comedian"
"2636","hip hop"
"2637","live"
"2638","interview"
"2639","television"
"2640","interview"
"2641","celebrity"
"2642","music"
"2643","television"
"2644","2018"
"2645","music"
"2646","live"
"2647","hollywood"
"2648","official"
"2649","[none]"
"2650","[none]"
"2651","late night"
"2652","talk show"
"2653","funny"
"2654","comedy"
"2655","clip"
"2656","comedian"
"2657","television"
"2658","funny"
"2659","talk show"
"2660","humor"
"2661","jokes"
"2662","funny video"
"2663","interview"
"2664","celebrities"
"2665","video"
"2666","clip"
"2667","music"
"2668","2018"
"2669","television"
"2670","2018"
"2671","music"
"2672","live"
"2673","hollywood"
"2674","official"
"2675","hip hop"
"2676","rap"
"2677","hip hop"
"2678","comedy"
"2679","trailer"
"2680","official"
"2681","trailer"
"2682","comedy"
"2683","video"
"2684","funny"
"2685","comedy"
"2686","live"
"2687","television"
"2688","funny"
"2689","talk show"
"2690","humor"
"2691","jokes"
"2692","funny video"
"2693","interview"
"2694","celebrities"
"2695","video"
"2696","clip"
"2697","late night"
"2698","comedy"
"2699","comedian"
"2700","celebrity"
"2701","celebrities"
"2702","jokes"
"2703","funny"
"2704","funny video"
"2705","humor"
"2706","hollywood"
"2707","famous"
"2708","music"
"2709","funny"
"2710","pop"
"2711","live"
"2712","funny"
"2713","television"
"2714","funny"
"2715","talk show"
"2716","humor"
"2717","jokes"
"2718","funny video"
"2719","interview"
"2720","celebrities"
"2721","video"
"2722","clip"
"2723","music"
"2724","[none]"
"2725","pop"
"2726","hip hop"
"2727","music"
"2728","music"
"2729","official"
"2730","music"
"2731","television"
"2732","funny"
"2733","talk show"
"2734","humor"
"2735","jokes"
"2736","funny video"
"2737","interview"
"2738","celebrities"
"2739","video"
"2740","clip"
"2741","interview"
"2742","celebrity"
"2743","live"
"2744","rap"
"2745","pop"
"2746","[none]"
"2747","[none]"
"2748","music"
"2749","comedy"
"2750","humor"
"2751","television"
"2752","2018"
"2753","music"
"2754","live"
"2755","hollywood"
"2756","official"
"2757","live"
"2758","music"
"2759","rap"
"2760","live"
"2761","music"
"2762","2018"
"2763","live"
"2764","music"
"2765","2018"
"2766","celebrity"
"2767","television"
"2768","music"
"2769","official"
"2770","video"
"2771","television"
"2772","2018"
"2773","music"
"2774","live"
"2775","hollywood"
"2776","official"
"2777","trailer"
"2778","celebrities"
"2779","late night"
"2780","talk show"
"2781","comedian"
"2782","jokes"
"2783","funny"
"2784","funny video"
"2785","humor"
"2786","celebrity"
"2787","hollywood"
"2788","famous"
"2789","comedy"
"2790","music"
"2791","hip hop"
"2792","2018"
"2793","pop"
"2794","pop"
"2795","official"
"2796","video"
"2797","pop"
"2798","video"
"2799","interview"
"2800","comedy"
"2801","vlog"
"2802","hip hop"
"2803","rap"
"2804","pop"
"2805","[none]"
"2806","[none]"
"2807","[none]"
"2808","celebrity"
"2809","celebrities"
"2810","late night"
"2811","talk show"
"2812","comedian"
"2813","comedy"
"2814","jokes"
"2815","funny"
"2816","funny video"
"2817","humor"
"2818","hollywood"
"2819","famous"
"2820","official"
"2821","music"
"2822","live"
"2823","funny"
"2824","comedy"
"2825","clip"
"2826","comedian"
"2827","[none]"
"2828","[none]"
"2829","television"
"2830","2018"
"2831","music"
"2832","live"
"2833","hollywood"
"2834","official"
"2835","official"
"2836","pop"
"2837","music"
"2838","rap"
"2839","trailer"
"2840","television"
"2841","comedy"
"2842","interview"
"2843","live"
"2844","funny"
"2845","comedy"
"2846","clip"
"2847","comedian"
"2848","television"
"2849","funny"
"2850","talk show"
"2851","humor"
"2852","jokes"
"2853","funny video"
"2854","interview"
"2855","celebrities"
"2856","video"
"2857","clip"
"2858","trailer"
"2859","television"
"2860","2018"
"2861","music"
"2862","live"
"2863","hollywood"
"2864","official"
"2865","interview"
"2866","talk show"
"2867","hip hop"
"2868","rap"
"2869","[none]"
"2870","trailer"
"2871","comedy"
"2872","[none]"
"2873","rap"
"2874","video"
"2875","funny"
"2876","music"
"2877","celebrity"
"2878","pop"
"2879","official"
"2880","pop"
"2881","official"
"2882","video"
"2883","interview"
"2884","live"
"2885","funny"
"2886","comedy"
"2887","clip"
"2888","comedian"
"2889","rap"
"2890","trailer"
"2891","official"
"2892","television"
"2893","funny"
"2894","talk show"
"2895","humor"
"2896","jokes"
"2897","funny video"
"2898","interview"
"2899","celebrities"
"2900","video"
"2901","clip"
"2902","clip"
"2903","music"
"2904","trailer"
"2905","celebrity"
"2906","famous"
"2907","[none]"
"2908","rap"
"2909","pop"
"2910","hip hop"
"2911","live"
"2912","comedy"
"2913","funny"
"2914","late night"
"2915","music"
"2916","trailer"
"2917","rap"
"2918","rap"
"2919","pop"
"2920","video"
"2921","interview"
"2922","trailer"
"2923","official"
"2924","hip hop"
"2925","interview"
"2926","television"
"2927","funny"
"2928","talk show"
"2929","humor"
"2930","jokes"
"2931","funny video"
"2932","interview"
"2933","celebrities"
"2934","video"
"2935","clip"
"2936","trailer"
"2937","2018"
"2938","official"
"2939","clip"
"2940","pop"
"2941","official"
"2942","2018"
"2943","live"
"2944","comedy"
"2945","funny"
"2946","late night"
"2947","music"
"2948","comedian"
"2949","[none]"
"2950","2018"
"2951","official"
"2952","trailer"
"2953","clip"
"2954","celebrity"
"2955","famous"
"2956","late night"
"2957","talk show"
"2958","funny"
"2959","comedy"
"2960","clip"
"2961","comedian"
"2962","late night"
"2963","television"
"2964","funny"
"2965","talk show"
"2966","comedy"
"2967","humor"
"2968","live"
"2969","talk show"
"2970","[none]"
"2971","trailer"
"2972","live"
"2973","interview"
"2974","pop"
"2975","[none]"
"2976","hollywood"
"2977","celebrity"
"2978","television"
"2979","2018"
"2980","music"
"2981","live"
"2982","hollywood"
"2983","official"
"2984","[none]"
"2985","pop"
"2986","funny"
"2987","official"
"2988","rap"
"2989","pop"
"2990","video"
"2991","comedy"
"2992","funny"
"2993","music"
"2994","hollywood"
"2995","pop"
"2996","[none]"
"2997","trailer"
"2998","2018"
"2999","[none]"
"3000","live"
"3001","comedy"
"3002","funny"
"3003","late night"
"3004","music"
"3005","comedian"
"3006","hip hop"
"3007","[none]"
"3008","funny"
"3009","hip hop"
"3010","rap"
"3011","music"
"3012","[none]"
"3013","comedy"
"3014","celebrity"
"3015","celebrities"
"3016","late night"
"3017","talk show"
"3018","comedian"
"3019","comedy"
"3020","jokes"
"3021","funny"
"3022","funny video"
"3023","humor"
"3024","hollywood"
"3025","famous"
"3026","interview"
"3027","comedian"
"3028","celebrity"
"3029","2018"
"3030","music"
"3031","television"
"3032","2018"
"3033","music"
"3034","live"
"3035","hollywood"
"3036","official"
"3037","late night"
"3038","comedy"
"3039","comedian"
"3040","celebrity"
"3041","celebrities"
"3042","jokes"
"3043","funny"
"3044","funny video"
"3045","humor"
"3046","hollywood"
"3047","famous"
"3048","television"
"3049","funny"
"3050","talk show"
"3051","humor"
"3052","jokes"
"3053","funny video"
"3054","interview"
"3055","celebrities"
"3056","video"
"3057","clip"
"3058","music"
"3059","trailer"
"3060","[none]"
"3061","interview"
"3062","celebrity"
"3063","celebrities"
"3064","late night"
"3065","talk show"
"3066","comedian"
"3067","comedy"
"3068","jokes"
"3069","funny"
"3070","funny video"
"3071","humor"
"3072","hollywood"
"3073","famous"
"3074","late night"
"3075","comedy"
"3076","comedian"
"3077","celebrity"
"3078","celebrities"
"3079","jokes"
"3080","funny"
"3081","funny video"
"3082","humor"
"3083","hollywood"
"3084","famous"
"3085","trailer"
"3086","television"
"3087","comedy"
"3088","television"
"3089","funny"
"3090","talk show"
"3091","humor"
"3092","jokes"
"3093","funny video"
"3094","interview"
"3095","celebrities"
"3096","video"
"3097","clip"
"3098","music"
"3099","hip hop"
"3100","rap"
"3101","official"
"3102","trailer"
"3103","late night"
"3104","talk show"
"3105","funny"
"3106","comedy"
"3107","clip"
"3108","comedian"
"3109","music"
"3110","television"
"3111","funny"
"3112","talk show"
"3113","humor"
"3114","jokes"
"3115","funny video"
"3116","interview"
"3117","celebrities"
"3118","video"
"3119","clip"
"3120","trailer"
"3121","pop"
"3122","trailer"
"3123","comedy"
"3124","trailer"
"3125","television"
"3126","comedy"
"3127","live"
"3128","funny"
"3129","comedy"
"3130","clip"
"3131","comedian"
"3132","television"
"3133","funny"
"3134","talk show"
"3135","humor"
"3136","jokes"
"3137","funny video"
"3138","interview"
"3139","celebrities"
"3140","video"
"3141","clip"
"3142","comedian"
"3143","comedy"
"3144","interview"
"3145","celebrity"
"3146","music"
"3147","trailer"
"3148","2018"
"3149","official"
"3150","music"
"3151","hip hop"
"3152","official"
"3153","rap"
"3154","music"
"3155","video"
"3156","hip hop"
"3157","rap"
"3158","2018"
"3159","comedy"
"3160","late night"
"3161","comedy"
"3162","comedian"
"3163","celebrity"
"3164","celebrities"
"3165","jokes"
"3166","funny"
"3167","funny video"
"3168","humor"
"3169","hollywood"
"3170","famous"
"3171","television"
"3172","2018"
"3173","music"
"3174","live"
"3175","hollywood"
"3176","official"
"3177","[none]"
"3178","pop"
"3179","music"
"3180","live"
"3181","trailer"
"3182","official"
"3183","comedy"
"3184","2018"
"3185","comedy"
"3186","humor"
"3187","pop"
"3188","television"
"3189","funny"
"3190","talk show"
"3191","humor"
"3192","jokes"
"3193","funny video"
"3194","interview"
"3195","celebrities"
"3196","video"
"3197","clip"
"3198","music"
"3199","video"
"3200","hip hop"
"3201","rap"
"3202","trailer"
"3203","television"
"3204","2018"
"3205","music"
"3206","live"
"3207","hollywood"
"3208","official"
"3209","[none]"
"3210","hollywood"
"3211","celebrity"
"3212","famous"
"3213","funny"
"3214","celebrity"
"3215","celebrities"
"3216","late night"
"3217","talk show"
"3218","comedian"
"3219","comedy"
"3220","jokes"
"3221","funny"
"3222","funny video"
"3223","humor"
"3224","hollywood"
"3225","famous"
"3226","late night"
"3227","comedy"
"3228","comedian"
"3229","celebrity"
"3230","celebrities"
"3231","jokes"
"3232","funny"
"3233","funny video"
"3234","humor"
"3235","hollywood"
"3236","famous"
"3237","interview"
"3238","[none]"
"3239","television"
"3240","funny"
"3241","talk show"
"3242","humor"
"3243","jokes"
"3244","funny video"
"3245","interview"
"3246","celebrities"
"3247","video"
"3248","clip"
"3249","television"
"3250","2018"
"3251","music"
"3252","live"
"3253","hollywood"
"3254","official"
"3255","television"
"3256","funny"
"3257","talk show"
"3258","humor"
"3259","jokes"
"3260","funny video"
"3261","interview"
"3262","celebrities"
"3263","video"
"3264","clip"
"3265","hip hop"
"3266","rap"
"3267","music"
"3268","live"
"3269","official"
"3270","trailer"
"3271","television"
"3272","comedy"
"3273","hollywood"
"3274","live"
"3275","comedy"
"3276","comedian"
"3277","comedian"
"3278","funny"
"3279","hollywood"
"3280","celebrity"
"3281","[none]"
"3282","television"
"3283","funny"
"3284","talk show"
"3285","comedy"
"3286","humor"
"3287","trailer"
"3288","official"
"3289","television"
"3290","2018"
"3291","music"
"3292","live"
"3293","hollywood"
"3294","official"
"3295","late night"
"3296","talk show"
"3297","funny"
"3298","comedy"
"3299","clip"
"3300","comedian"
"3301","music"
"3302","hip hop"
"3303","funny"
"3304","television"
"3305","funny"
"3306","talk show"
"3307","humor"
"3308","jokes"
"3309","funny video"
"3310","interview"
"3311","celebrities"
"3312","video"
"3313","clip"
"3314","late night"
"3315","comedy"
"3316","comedian"
"3317","celebrity"
"3318","celebrities"
"3319","jokes"
"3320","funny"
"3321","funny video"
"3322","humor"
"3323","hollywood"
"3324","famous"
"3325","interview"
"3326","television"
"3327","funny"
"3328","talk show"
"3329","humor"
"3330","jokes"
"3331","funny video"
"3332","interview"
"3333","celebrities"
"3334","video"
"3335","clip"
"3336","music"
"3337","pop"
"3338","music"
"3339","pop"
"3340","[none]"
"3341","late night"
"3342","comedy"
"3343","comedian"
"3344","celebrity"
"3345","celebrities"
"3346","jokes"
"3347","funny"
"3348","funny video"
"3349","humor"
"3350","hollywood"
"3351","famous"
"3352","celebrity"
"3353","celebrities"
"3354","late night"
"3355","talk show"
"3356","comedian"
"3357","comedy"
"3358","jokes"
"3359","funny"
"3360","funny video"
"3361","humor"
"3362","hollywood"
"3363","famous"
"3364","pop"
"3365","pop"
"3366","music"
"3367","rap"
"3368","late night"
"3369","comedy"
"3370","comedian"
"3371","celebrity"
"3372","celebrities"
"3373","jokes"
"3374","funny"
"3375","funny video"
"3376","humor"
"3377","hollywood"
"3378","famous"
"3379","[none]"
"3380","television"
"3381","funny"
"3382","talk show"
"3383","humor"
"3384","jokes"
"3385","funny video"
"3386","interview"
"3387","celebrities"
"3388","video"
"3389","clip"
"3390","live"
"3391","comedy"
"3392","funny"
"3393","late night"
"3394","music"
"3395","pop"
"3396","funny"
"3397","rap"
"3398","interview"
"3399","trailer"
"3400","pop"
"3401","music"
"3402","live"
"3403","rap"
"3404","hip hop"
"3405","rap"
"3406","live"
"3407","comedy"
"3408","funny"
"3409","late night"
"3410","music"
"3411","2018"
"3412","live"
"3413","jokes"
"3414","comedy"
"3415","funny"
"3416","comedian"
"3417","funny video"
"3418","trailer"
"3419","television"
"3420","comedy"
"3421","rap"
"3422","official"
"3423","pop"
"3424","official"
"3425","2018"
"3426","hollywood"
"3427","celebrity"
"3428","famous"
"3429","trailer"
"3430","comedy"
"3431","interview"
"3432","trailer"
"3433","television"
"3434","comedy"
"3435","celebrity"
"3436","celebrities"
"3437","late night"
"3438","talk show"
"3439","comedian"
"3440","comedy"
"3441","jokes"
"3442","funny"
"3443","funny video"
"3444","humor"
"3445","hollywood"
"3446","famous"
"3447","celebrity"
"3448","television"
"3449","music"
"3450","[none]"
"3451","live"
"3452","funny"
"3453","comedy"
"3454","clip"
"3455","comedian"
"3456","pop"
"3457","pop"
"3458","hip hop"
"3459","rap"
"3460","live"
"3461","comedy"
"3462","funny"
"3463","late night"
"3464","music"
"3465","late night"
"3466","comedy"
"3467","comedian"
"3468","celebrity"
"3469","celebrities"
"3470","jokes"
"3471","funny"
"3472","funny video"
"3473","humor"
"3474","hollywood"
"3475","famous"
"3476","vlog"
"3477","comedy"
"3478","hollywood"
"3479","[none]"
"3480","trailer"
"3481","comedy"
"3482","video"
"3483","interview"
"3484","late night"
"3485","television"
"3486","funny"
"3487","talk show"
"3488","comedy"
"3489","humor"
"3490","comedian"
"3491","television"
"3492","funny"
"3493","talk show"
"3494","humor"
"3495","jokes"
"3496","funny video"
"3497","interview"
"3498","celebrities"
"3499","video"
"3500","clip"
"3501","television"
"3502","jokes"
"3503","celebrities"
"3504","live"
"3505","funny"
"3506","comedy"
"3507","clip"
"3508","comedian"
"3509","rap"
"3510","music"
"3511","video"
"3512","hip hop"
"3513","television"
"3514","funny"
"3515","talk show"
"3516","humor"
"3517","jokes"
"3518","funny video"
"3519","interview"
"3520","celebrities"
"3521","video"
"3522","clip"
"3523","music"
"3524","trailer"
"3525","music"
"3526","video"
"3527","hip hop"
"3528","rap"
"3529","2018"
"3530","live"
"3531","music"
"3532","pop"
"3533","live"
"3534","comedy"
"3535","funny"
"3536","late night"
"3537","music"
"3538","comedian"
"3539","rap"
"3540","hip hop"
"3541","live"
"3542","music"
"3543","vlog"
"3544","live"
"3545","comedy"
"3546","funny"
"3547","late night"
"3548","music"
"3549","comedian"
"3550","trailer"
"3551","television"
"3552","comedy"
"3553","hollywood"
"3554","celebrity"
"3555","famous"
"3556","trailer"
"3557","interview"
"3558","2018"
"3559","[none]"
"3560","[none]"
"3561","video"
"3562","interview"
"3563","television"
"3564","2018"
"3565","music"
"3566","live"
"3567","hollywood"
"3568","official"
"3569","comedy"
"3570","vlog"
"3571","[none]"
"3572","[none]"
"3573","trailer"
"3574","comedy"
"3575","humor"
"3576","funny"
"3577","celebrities"
"3578","late night"
"3579","comedy"
"3580","comedian"
"3581","celebrity"
"3582","celebrities"
"3583","jokes"
"3584","funny"
"3585","funny video"
"3586","humor"
"3587","hollywood"
"3588","famous"
"3589","music"
"3590","television"
"3591","funny"
"3592","talk show"
"3593","humor"
"3594","jokes"
"3595","funny video"
"3596","interview"
"3597","celebrities"
"3598","music"
"3599","video"
"3600","clip"
"3601","pop"
"3602","television"
"3603","2018"
"3604","music"
"3605","live"
"3606","hollywood"
"3607","official"
"3608","funny"
"3609","television"
"3610","funny"
"3611","talk show"
"3612","humor"
"3613","jokes"
"3614","funny video"
"3615","interview"
"3616","celebrities"
"3617","music"
"3618","video"
"3619","clip"
"3620","pop"
"3621","official"
"3622","celebrity"
"3623","celebrities"
"3624","late night"
"3625","talk show"
"3626","comedian"
"3627","comedy"
"3628","jokes"
"3629","funny"
"3630","funny video"
"3631","humor"
"3632","hollywood"
"3633","famous"
"3634","pop"
"3635","trailer"
"3636","official"
"3637","2018"
"3638","live"
"3639","comedy"
"3640","funny"
"3641","late night"
"3642","music"
"3643","comedian"
"3644","hip hop"
"3645","hip hop"
"3646","pop"
"3647","rap"
"3648","comedy"
"3649","funny"
"3650","late night"
"3651","talk show"
"3652","funny"
"3653","comedy"
"3654","clip"
"3655","comedian"
"3656","television"
"3657","funny"
"3658","talk show"
"3659","humor"
"3660","jokes"
"3661","funny video"
"3662","interview"
"3663","celebrities"
"3664","video"
"3665","clip"
"3666","music"
"3667","comedy"
"3668","hip hop"
"3669","rap"
"3670","music"
"3671","comedy"
"3672","comedian"
"3673","jokes"
"3674","funny"
"3675","[none]"
"3676","live"
"3677","comedy"
"3678","funny"
"3679","late night"
"3680","music"
"3681","famous"
"3682","trailer"
"3683","comedy"
"3684","trailer"
"3685","official"
"3686","television"
"3687","2018"
"3688","music"
"3689","live"
"3690","hollywood"
"3691","official"
"3692","late night"
"3693","talk show"
"3694","funny"
"3695","comedy"
"3696","clip"
"3697","comedian"
"3698","comedy"
"3699","comedian"
"3700","jokes"
"3701","funny"
"3702","late night"
"3703","comedy"
"3704","comedian"
"3705","celebrity"
"3706","celebrities"
"3707","jokes"
"3708","funny"
"3709","funny video"
"3710","humor"
"3711","hollywood"
"3712","famous"
"3713","2018"
"3714","trailer"
"3715","hip hop"
"3716","rap"
"3717","comedy"
"3718","jokes"
"3719","funny"
"3720","humor"
"3721","pop"
"3722","celebrity"
"3723","celebrities"
"3724","late night"
"3725","talk show"
"3726","comedian"
"3727","comedy"
"3728","jokes"
"3729","funny"
"3730","funny video"
"3731","humor"
"3732","hollywood"
"3733","famous"
"3734","[none]"
"3735","trailer"
"3736","funny"
"3737","comedy"
"3738","comedian"
"3739","jokes"
"3740","funny"
"3741","hip hop"
"3742","pop"
"3743","television"
"3744","funny"
"3745","talk show"
"3746","comedy"
"3747","humor"
"3748","official"
"3749","funny"
"3750","comedy"
"3751","comedy"
"3752","vlog"
"3753","music"
"3754","comedy"
"3755","video"
"3756","interview"
"3757","[none]"
"3758","[none]"
"3759","music"
"3760","hip hop"
"3761","rap"
"3762","trailer"
"3763","late night"
"3764","comedy"
"3765","comedian"
"3766","celebrity"
"3767","celebrities"
"3768","jokes"
"3769","funny"
"3770","funny video"
"3771","humor"
"3772","hollywood"
"3773","famous"
"3774","vlog"
"3775","funny"
"3776","music"
"3777","television"
"3778","funny"
"3779","talk show"
"3780","comedy"
"3781","humor"
"3782","pop"
"3783","official"
"3784","live"
"3785","official"
"3786","[none]"
"3787","pop"
"3788","pop"
"3789","music"
"3790","hip hop"
"3791","rap"
"3792","music"
"3793","late night"
"3794","talk show"
"3795","funny"
"3796","comedy"
"3797","clip"
"3798","comedian"
"3799","hip hop"
"3800","rap"
"3801","music"
"3802","music"
"3803","rap"
"3804","hollywood"
"3805","pop"
"3806","hip hop"
"3807","rap"
"3808","music"
"3809","rap"
"3810","hip hop"
"3811","video"
"3812","interview"
"3813","pop"
"3814","hip hop"
"3815","music"
"3816","pop"
"3817","official"
"3818","pop"
"3819","2018"
"3820","trailer"
"3821","funny"
"3822","trailer"
"3823","television"
"3824","comedy"
"3825","trailer"
"3826","2018"
"3827","funny"
"3828","comedy"
"3829","video"
"3830","interview"
"3831","trailer"
"3832","television"
"3833","comedy"
"3834","pop"
"3835","video"
"3836","official"
"3837","hip hop"
"3838","interview"
"3839","celebrity"
"3840","famous"
"3841","music"
"3842","2018"
"3843","music"
"3844","pop"
"3845","2018"
"3846","trailer"
"3847","trailer"
"3848","hip hop"
"3849","music"
"3850","music"
"3851","rap"
"3852","late night"
"3853","comedy"
"3854","comedian"
"3855","celebrity"
"3856","celebrities"
"3857","jokes"
"3858","funny"
"3859","funny video"
"3860","humor"
"3861","hollywood"
"3862","famous"
"3863","[none]"
"3864","pop"
"3865","live"
"3866","funny"
"3867","comedy"
"3868","clip"
"3869","comedian"
"3870","pop"
"3871","hip hop"
"3872","rap"
"3873","music"
"3874","video"
"3875","interview"
"3876","official"
"3877","music"
"3878","pop"
"3879","live"
"3880","trailer"
"3881","trailer"
"3882","television"
"3883","comedy"
"3884","interview"
"3885","[none]"
"3886","trailer"
"3887","official"
"3888","pop"
"3889","trailer"
"3890","video"
"3891","interview"
"3892","rap"
"3893","live"
"3894","funny"
"3895","comedy"
"3896","clip"
"3897","comedian"
"3898","music"
"3899","celebrity"
"3900","celebrities"
"3901","late night"
"3902","talk show"
"3903","comedian"
"3904","comedy"
"3905","jokes"
"3906","funny"
"3907","funny video"
"3908","humor"
"3909","hollywood"
"3910","famous"
"3911","interview"
"3912","trailer"
"3913","celebrity"
"3914","celebrities"
"3915","late night"
"3916","talk show"
"3917","comedian"
"3918","comedy"
"3919","jokes"
"3920","funny"
"3921","funny video"
"3922","humor"
"3923","hollywood"
"3924","famous"
"3925","interview"
"3926","comedian"
"3927","funny"
"3928","trailer"
"3929","late night"
"3930","comedy"
"3931","comedian"
"3932","celebrity"
"3933","celebrities"
"3934","jokes"
"3935","funny"
"3936","funny video"
"3937","humor"
"3938","hollywood"
"3939","famous"
"3940","music"
"3941","[none]"
"3942","music"
"3943","rap"
"3944","funny"
"3945","music"
"3946","pop"
"3947","comedy"
"3948","funny"
"3949","2018"
"3950","hip hop"
"3951","interview"
"3952","2018"
"3953","trailer"
"3954","official"
"3955","live"
"3956","interview"
"3957","famous"
"3958","trailer"
"3959","trailer"
"3960","television"
"3961","funny"
"3962","talk show"
"3963","comedy"
"3964","humor"
"3965","official"
"3966","music"
"3967","live"
"3968","funny"
"3969","2018"
"3970","live"
"3971","funny"
"3972","comedy"
"3973","clip"
"3974","comedian"
"3975","interview"
"3976","late night"
"3977","comedy"
"3978","comedian"
"3979","celebrity"
"3980","celebrities"
"3981","jokes"
"3982","funny"
"3983","funny video"
"3984","humor"
"3985","hollywood"
"3986","famous"
"3987","interview"
"3988","trailer"
"3989","comedy"
"3990","trailer"
"3991","official"
"3992","television"
"3993","funny"
"3994","talk show"
"3995","comedy"
"3996","humor"
"3997","late night"
"3998","comedy"
"3999","comedian"
"4000","celebrity"
"4001","celebrities"
"4002","jokes"
"4003","funny"
"4004","funny video"
"4005","humor"
"4006","hollywood"
"4007","famous"
"4008","music"
"4009","music"
